ID,NAME,DESCRIPTION,LEVEL,CATEGORY,CATEGORY_NAME,VERSION,LATEST_VERSION
100,NULL,na,1,0,NULL,9.31,true
101,Administrative Support and Clerical Tasks,"The Administrative Support and Clerical Tasks subcategory includes skills related to providing administrative, clerical, secretarial, and general support to managers and other professionals, including a variety of basic administrative and clerical tasks such as data entry, filing, and notetaking.",1,1,Administration,9.31,true
102,Dictation,The Dictation subcategory includes skills and tools related to dictation and transcription.,1,1,Administration,9.31,true
105,Office Management,"The Office Management subcategory includes skills related to the design, implementation, evaluation, and maintenance of the process of work within an office.",1,1,Administration,9.31,true
106,Scheduling,"The Scheduling subcategory includes skills related to creating a schedule, including using software such as online calendaring tools.",1,1,Administration,9.31,true
408,Document Management,"The Document Management subcategory includes skills related to tracking, managing, and storing documents.",1,1,Administration,9.31,true
461,Office and Productivity Equipment and Technology,"The Office and Productivity Equipment and Technology subcategory includes productivity tools and software that allow a user to quickly and easily create a variety of documents and files, such as the Microsoft Office and Google Workplace software suites, as well as common office equipment such as calculators and printers.",1,1,Administration,9.31,true
107,Agricultural Management and Operations,The Agricultural Management and Operations subcategory includes skills related to the management and operation of agricultural businesses.,1,2,"Agriculture, Horticulture, and Landscaping",9.31,true
108,Agricultural Research and Agronomy,"The Agricultural Research and Agronomy subcategory includes skills related to agricultural science, research, and technology.",1,2,"Agriculture, Horticulture, and Landscaping",9.31,true
109,Aquaculture,The Aquaculture subcategory includes skills related to managed fisheries and other aquaculture operations.,1,2,"Agriculture, Horticulture, and Landscaping",9.31,true
110,Cannabis,The Cannabis subcategory includes skills related to the cannabis industry.,1,2,"Agriculture, Horticulture, and Landscaping",9.31,true
111,Agriculture and Crop Farming,"The Agriculture and Crop Farming subcategory includes skills related to planting, growing, and harvesting plants for food and other commercial uses.",1,2,"Agriculture, Horticulture, and Landscaping",9.31,true
112,Landscaping and Horticulture,"The Landscaping and Horticulture subcategory includes skills related to landscaping, gardening, and horticulture.",1,2,"Agriculture, Horticulture, and Landscaping",9.31,true
113,Livestock Farming,"The Livestock Farming subcategory includes skills related to the farming of animals for meat or other products, such as milk, leather, and wool.",1,2,"Agriculture, Horticulture, and Landscaping",9.31,true
114,Business Intelligence,"The Business Intelligence subcategory includes skills related to the strategies, research, and methods used to produce and analyze business performance data in order to gain key insights and guide future business decisions.",1,3,Analysis,9.31,true
115,Business Intelligence Software,The Business Intelligence Software subcategory includes software tools and technologies used to produce and analyze business performance data in order to gain key insights and guide future business decisions.,1,3,Analysis,9.31,true
116,Data Analysis,"The Data Analysis subcategory includes skills and tools related to inspecting, cleansing, transforming, and modeling data to discover useful information and support decision-making.",1,3,Analysis,9.31,true
118,Data Science,"The Data Science subcategory includes skills related to using scientific methods, processes, and algorithms to extract knowledge and insights from data.",1,3,Analysis,9.31,true
121,Data Visualization,The Data Visualization subcategory includes skills and tools related to graphically representing information and data for pattern analysis.,1,3,Analysis,9.31,true
122,Image Analysis,The Image Analysis subcategory includes skills related to processing and analyzing images in order to extract meaningful information.,1,3,Analysis,9.31,true
124,Mathematical Software,"The Mathematical Software subcategory includes tools and technologies used to analyze, model, or calculate mathematical data.",1,3,Analysis,9.31,true
125,Mathematics and Mathematical Modeling,The Mathematics and Mathematical Modeling subcategory includes skills related to understanding and using mathematics and mathematical models.,1,3,Analysis,9.31,true
126,Natural Language Processing (NLP),The Natural Language Processing (NLP) subcategory includes skills related to computational techniques and tools used to analyze and synthesize natural language and speech.,1,3,Analysis,9.31,true
128,Statistical Software,The Statistical Software subcategory includes software tools used for the statistical analysis of data.,1,3,Analysis,9.31,true
129,Statistics,"The Statistics subcategory includes skills related to the branch of mathematics that deals with the collection, analysis, and interpretation of numerical data.",1,3,Analysis,9.31,true
130,Architectural Design,The Architectural Design subcategory includes skills and tools related to designing architectural structures.,1,4,Architecture and Construction,9.31,true
131,Carpentry,The Carpentry subcategory includes skills related to the craft of constructing and repairing buildings and structural components using wood and other materials.,1,4,Architecture and Construction,9.31,true
133,Construction Estimating,The Construction Estimating subcategory includes skills related to estimating costs for a construction project.,1,4,Architecture and Construction,9.31,true
134,Construction Inspection,The Construction Inspection subcategory includes skills related to examining buildings and other structures to ensure compliance with regulations and building codes.,1,4,Architecture and Construction,9.31,true
135,Construction Management,"The Construction Management subcategory includes skills related to the overall planning, coordination, and control of a construction project from beginning to completion.",1,4,Architecture and Construction,9.31,true
136,Construction Painting,"The Construction Painting subcategory includes skills related to painting buildings and construction projects, including interior and exterior painting.",1,4,Architecture and Construction,9.31,true
138,Electrical Construction,The Electrical Construction subcategory includes skills related to designing and constructing electrical systems.,1,4,Architecture and Construction,9.31,true
140,General Construction and Construction Labor,The General Construction and Construction Labor subcategory includes skills related to the process of constructing a building.,1,4,Architecture and Construction,9.31,true
141,Green Architecture,The Green Architecture subcategory includes skills related to designing and constructing buildings and structures that minimize harmful effects on human health and the environment.,1,4,Architecture and Construction,9.31,true
142,Insulation,The Insulation subcategory includes skills related to installing insulation in buildings.,1,4,Architecture and Construction,9.31,true
143,Interior Design,"The Interior Design subcategory includes skills related to the planning, design, and decoration of interior spaces within private and commercial buildings.",1,4,Architecture and Construction,9.31,true
144,Concrete and Masonry,"The Concrete and Masonry subcategory includes skills related to building structures from concrete, stone, and brick.",1,4,Architecture and Construction,9.31,true
145,Road and Bridge Construction,The Road and Bridge Construction subcategory includes skills related to constructing and repairing roads and bridges.,1,4,Architecture and Construction,9.31,true
146,Roofing,The Roofing subcategory includes skills related to installing and repairing roofing.,1,4,Architecture and Construction,9.31,true
636,Heavy Equipment Operation,"The Heavy Equipment Operation subcategory includes skills related to the operation of heavy machinery and vehicles such as backhoes, forklifts, and cranes.",1,4,Architecture and Construction,9.31,true
148,Business Communications,The Business Communications subcategory includes skills related to sharing information between people within a business.,1,5,Business,9.31,true
149,Business Consulting,The Business Consulting subcategory includes skills related to giving expert advice to a business.,1,5,Business,9.31,true
150,Business Continuity,The Business Continuity subcategory includes skills and tools related to helping a business maintain essential functions during and after a disaster has occurred.,1,5,Business,9.31,true
151,Business Leadership,"The Business Leadership subcategory includes skills related to providing vision, direction, and leadership in order to ensure the overall success of an organization.",1,5,Business,9.31,true
152,Business Management,The Business Management subcategory includes skills and software tools related to the organization and coordination of the various activities of a running a business.,1,5,Business,9.31,true
153,Business Analysis,The Business Analysis subcategory includes skills related to the analysis and documentation of business processes.,1,5,Business,9.31,true
154,Business Solutions,The Business Solutions subcategory includes skills and software tools related to solving specific business problems.,1,5,Business,9.31,true
155,Business Strategy,The Business Strategy subcategory includes skills related to the analysis and planning of decisions and actions that need to be taken by a business to achieve its goals.,1,5,Business,9.31,true
156,Contract Management,"The Contract Management subcategory includes skills related to managing contracts made with customers, vendors, partners or employees.",1,5,Business,9.31,true
157,Internal Controls,"The Internal Controls subcategory includes skills related to mechanisms, rules, and procedures implemented by a company to ensure the integrity of financial and accounting information, promote accountability, and prevent fraud.",1,5,Business,9.31,true
158,Business Operations,The Business Operations subcategory includes skills related to a variety of day-to-day activities that are required in order for a business or organization to function efficiently and profitably.,1,5,Business,9.31,true
159,People Management,"The People Management subcategory includes skills related to supervising, managing, and providing ongoing support for the employees of a business.",1,5,Business,9.31,true
160,Performance Management,The Performance Management subcategory includes skills related to assessing and optimizing the performance of the employees of a business.,1,5,Business,9.31,true
161,Pricing Analysis,The Pricing Analysis subcategory includes skills related to examining and evaluating a proposed price and analyzing consumer response to the price.,1,5,Business,9.31,true
162,Process Improvement and Optimization,The Process Improvement and Optimization subcategory includes skills related to improving the performance of a particular process and aligning the process with business strategy.,1,5,Business,9.31,true
163,Product Management,The Product Management subcategory includes skills and software tools related to all stages of the product life cycle.,1,5,Business,9.31,true
164,Project Management,"The Project Management subcategory includes skills related to initiating, planning, executing, controlling, and closing the work of a team to achieve the goals of the project.",1,5,Business,9.31,true
276,Risk Management,"The Risk Management subcategory is related to protecting a company's economic value by identifying, handling, and minimizing various financial, operational, or strategic risks.",1,5,Business,9.31,true
546,Customer Relationship Management (CRM),"The Customer Relationship Management (CRM) subcategory includes skills related to practices, strategies, and technologies that companies use to manage and analyze customer interactions and data throughout the customer lifecycle.",1,5,Business,9.31,true
165,Client Support,"The Client Support subcategory includes skills related to ensuring ongoing client success and satisfaction with a product or service, such as client onboarding, client education, and customer advocacy.",1,6,Customer and Client Support,9.31,true
166,Customer Service,"The Customer Service subcategory includes skills related to interacting with customers in a helpful and positive way, such as answering questions, resolving complaints, and attentive service.",1,6,Customer and Client Support,9.31,true
167,Cash Register Operation,"The Cash Register Operation subcategory includes skills related to operating a cash register, such as cash handling.",1,6,Customer and Client Support,9.31,true
168,Insurance and Warranty Claims Processing,"The Insurance and Warranty Claims Processing subcategory includes skills related to the insurer fulfilling its obligation to receive, investigate, and act on a claim filed by the insured or by a warranty issuer.",1,6,Customer and Client Support,9.31,true
169,Payment Processing and Collection,The Payment Processing and Collection subcategory includes skills related to collecting payment and handling transactions.,1,6,Customer and Client Support,9.31,true
170,Animation and Game Design,The Animation and Game Design subcategory includes skills and software tools related to designing and creating animated motion graphics and video games.,1,7,Design,9.31,true
171,Art and Illustration,"The Art and Illustration subcategory includes skills related to creating and understanding creative visual art, such as art history, color theory, and watercolor painting.",1,7,Design,9.31,true
172,Creative Design,"The Creative Design subcategory includes skills related to creating a variety of unique, effective, and memorable designs.",1,7,Design,9.31,true
173,Digital Design,The Digital Design subcategory includes skills related to designing multimedia for viewing on a screen.,1,7,Design,9.31,true
174,Graphic and Visual Design,"The Graphic and Visual Design subcategory includes skills related to the creation of visual content through the use of typography, photography, and illustration in order to communicate a specific message or to promote a brand or product.",1,7,Design,9.31,true
175,Graphic and Visual Design Software,The Graphic and Visual Design Software subcategory includes software tools that are used in the Graphic and Visual Design process.,1,7,Design,9.31,true
176,Industrial Design,The Industrial Design subcategory includes skills related to designing manufactured products.,1,7,Design,9.31,true
177,Presentation Design,The Presentation Design subcategory includes skills and software tools related to designing presentations.,1,7,Design,9.31,true
178,User Interface and User Experience (UI/UX) Design,The User Interface and User Experience (UI/UX) Design subcategory includes skills related to creating interfaces for software which users find accessible and pleasant.,1,7,Design,9.31,true
179,Economics,"The Economics subcategory includes skills related to understanding the production, distribution, and consumption of products and services, such as analysis, forecasting, and modeling.",1,8,"Economics, Policy, and Social Studies",9.31,true
180,"Policy Analysis, Research, and Development","The Policy Analysis, Research, and Development subcategory includes skills related to researching, identifying, and enacting policies which will achieve a given set of goals.",1,8,"Economics, Policy, and Social Studies",9.31,true
181,Social Studies,"The Social Studies subcategory includes skills related to the integrated study of the various social sciences and humanities, such as history and sociology.",1,8,"Economics, Policy, and Social Studies",9.31,true
182,Urban and Regional Planning,"The Urban and Regional Planning subcategory includes skills related to the technical and political process of designing and developing land, infrastructure, and built environments.",1,8,"Economics, Policy, and Social Studies",9.31,true
184,Childhood Education and Development,The Childhood Education and Development subcategory includes skills related to the education and development of children.,1,9,Education and Training,9.31,true
186,Education Administration,"The Education Administration subcategory includes skills related to facilitate the operation of educational institutions, such as maintaining student records, developing academic policies, and student recruitment.",1,9,Education and Training,9.31,true
188,Higher Education,The Higher Education subcategory includes skills related to post-secondary education.,1,9,Education and Training,9.31,true
189,Instructional and Curriculum Design,"The Instructional and Curriculum Design subcategory includes skills related to creating and improving curriculum, courses, and educational materials.",1,9,Education and Training,9.31,true
190,Education Software and Technology,"The Education Software and Technology includes skills and software tools used to create, document, track, report, and deliver educational courses and training programs.",1,9,Education and Training,9.31,true
191,Library and Archiving,"The Library and Archiving subcategory includes skills and software tools related to library sciences and services, as well as the processing, preservation, and management of collections and archives in a variety of media.",1,9,Education and Training,9.31,true
192,Program Management,"The Program Management subcategory includes skills related to the development, evaluation, and improvement of educational programs.",1,9,Education and Training,9.31,true
193,Teaching,"The Teaching subcategory includes skills related to teaching and tutoring students, including various educational methodologies and techniques as well as the instruction of specific academic disciplines.",1,9,Education and Training,9.31,true
194,Training Programs,"The Training Programs subcategory includes skills related to a variety of training activities, materials, and programs that are outside the scope of the traditional elementary, secondary, and post-secondary classrooms.",1,9,Education and Training,9.31,true
647,Special Education,The Special Education subcategory includes skills related to identifying and accommodating the educational needs of individuals with disabilities or other learning challenges.,1,9,Education and Training,9.31,true
648,Student Support and Services,The Student Support and Services subcategory includes skills related to assisting students in order to improve their academic experience and performance.,1,9,Education and Training,9.31,true
195,Clean Energy,"The Clean Energy subcategory includes skills related to discovering, producing, and using alternate fuels and renewable energy.",1,10,Energy and Utilities,9.31,true
196,Electrical Power,The Electrical Power subcategory includes skills related to understanding and using systems that provide and alter electrical power.,1,10,Energy and Utilities,9.31,true
197,Energy Efficiency,"The Energy Efficiency subcategory includes skills related to developing energy-efficient technologies and increasing the energy efficiency of equipment, residences, facilities, and vehicles.",1,10,Energy and Utilities,9.31,true
198,Energy Management,The Energy Management subcategory includes skills related to the planning and operation of energy production and energy consumption while aiming to conserve resources and reduce costs.,1,10,Energy and Utilities,9.31,true
199,Natural Gas,"The Natural Gas subcategory includes skills related to extracting, transporting, and storing natural gas.",1,10,Energy and Utilities,9.31,true
200,Nuclear Energy,The Nuclear Energy subcategory includes skills related to the use of nuclear reactions to generate electrical power.,1,10,Energy and Utilities,9.31,true
201,Oil and Gas,"The Oil and Gas subcategory includes skills related to the petroleum industry, including drilling for oil and gas reserves, refining and transporting petroleum products, simulating oil reservoirs, and the management and testing of oil wells.",1,10,Energy and Utilities,9.31,true
206,Power Generation,"The Power Generation subcategory includes skills related to generating power, including using power generation equipment and operating power plants.",1,10,Energy and Utilities,9.31,true
207,Solar Energy,"The Solar Energy subcategory includes skills relating to the research, development, installation, and operation of solar energy products.",1,10,Energy and Utilities,9.31,true
208,Water Energy,The Water Energy subcategory includes skills related to generating energy from water sources.,1,10,Energy and Utilities,9.31,true
209,"Water Supply, Testing, and Treatment","The Water Supply, Testing, and Treatment subcategory includes skills related to operating water distribution systems, measuring water flow, and collecting wastewater.",1,10,Energy and Utilities,9.31,true
210,Wind Energy,The Wind Energy subcategory includes skills related to the design and construction of wind turbines and wind farms.,1,10,Energy and Utilities,9.31,true
211,Aerospace Engineering,"The Aerospace Engineering subcategory includes skills related to designing and testing airborne vehicles, such as aircraft, spacecraft, and satellites.",1,11,Engineering,9.31,true
213,Automation Engineering,"The Automation Engineering subcategory includes skills related to automation technologies, tools, systems, and software.",1,11,Engineering,9.31,true
214,Automotive Technologies,The Automotive Technologies subcategory includes skills related to the design and construction of automotive systems.,1,11,Engineering,9.31,true
216,Chemical and Biomedical Engineering,The Chemical and Biomedical Engineering subcategory includes skills related to using chemical processes to transform raw materials into products.,1,11,Engineering,9.31,true
217,Circuitry,"The Circuitry subcategory includes skills related to design, analysis, and testing processes used in circuitry.",1,11,Engineering,9.31,true
218,Civil and Architectural Engineering,"The Civil and Architectural Engineering subcategory includes skills related to the planning, design, and structural assessment of buildings and infrastructure, such as roads, railways, bridges, power plants, and water and sewer systems.",1,11,Engineering,9.31,true
219,Drafting and Engineering Design,"The Drafting and Engineering Design subcategory includes skills and software tools related to the preparation of mechanical or digital drawings, diagrams, blueprints, and models of various products or structures.",1,11,Engineering,9.31,true
220,Electrical and Computer Engineering,"The Electrical and Computer Engineering subcategory includes skills related to the technology of electricity, electronic systems, and computers.",1,11,Engineering,9.31,true
221,Electromechanical Engineering,The Electromechanical Engineering subcategory includes skills relating to the combination of electrical and mechanical systems.,1,11,Engineering,9.31,true
222,Electronic Hardware,"The Electronic Hardware subcategory includes skills related to hardware used in electronic equipment, such as components, controllers, and systems.",1,11,Engineering,9.31,true
223,Electronics Engineering,The Electronics Engineering subcategory includes skills related to the design and development of electronic devices and systems.,1,11,Engineering,9.31,true
225,Engineering Practices,"The Engineering Practices subcategory includes skills related to practices that are common across a variety of engineering fields, such as engineering design, analysis, testing, and support.",1,11,Engineering,9.31,true
226,Engineering Software,"The Engineering Software subcategory includes software tools used for various engineering activities including design, analysis, and simulation.",1,11,Engineering,9.31,true
227,"Engineering, Scientific, and Technical Instruments","The Engineering, Scientific, and Technical Instruments subcategory includes devices and tools used in the fields of engineering and scientific research.",1,11,Engineering,9.31,true
228,Geological Engineering,"The Geological Engineering subcategory includes skills related to the application of geological science and engineering principles to fields like mining, drilling, forestry, and civil engineering.",1,11,Engineering,9.31,true
229,Hardware Description Languages (HDL),The Hardware Description Languages (HDL) subcategory includes skills related to hardware description languages such as Verilog.,1,11,Engineering,9.31,true
231,Industrial Engineering,"The Industrial Engineering subcategory includes skills related to planning, designing, and optimizing industrial manufacturing processes.",1,11,Engineering,9.31,true
232,Marine and Naval Engineering,"The Marine and Naval Engineering subcategory includes skills related to designing ships, submarines, and other watercraft.",1,11,Engineering,9.31,true
233,Materials Science and Engineering,"The Materials Science and Engineering subcategory includes skills related to the study, analysis, testing, and manufacture of materials such as metals, ceramics, and plastics.",1,11,Engineering,9.31,true
234,Mechanical Engineering,"The Mechanical Engineering subcategory includes skills related to the design, analysis, and manufacture of mechanical systems.",1,11,Engineering,9.31,true
235,Mining Engineering,The Mining Engineering subcategory includes skills relating to the extraction of minerals from the earth.,1,11,Engineering,9.31,true
237,Optical Engineering,"The Optical Engineering subcategory includes skills related to researching, designing, and developing applications, systems, and devices using optics technology.",1,11,Engineering,9.31,true
238,Process Engineering,"The Process Engineering subcategory includes skills related to engineering industrial processes including process development, control, and validation.",1,11,Engineering,9.31,true
239,Radio Frequency (RF),"The Radio Frequency (RF) subcategory includes skills related to engineering processes, components, equipment, and systems using radio frequency.",1,11,Engineering,9.31,true
240,Roads and Drainage,The Roads and Drainage subcategory includes skills related to design and maintenance of roads and drainage systems.,1,11,Engineering,9.31,true
241,Robotics,"The Robotics subcategory includes skills related to the design, construction, programming, and operation of robots.",1,11,Engineering,9.31,true
242,Signal Processing,"The Signal Processing subcategory includes skills related to the analysis, modification, and synthesis of signals.",1,11,Engineering,9.31,true
243,Simulation and Simulation Software,"The Simulation and Simulation Software subcategory includes skills and software tools related to the design, creation, and implementation of simulations.",1,11,Engineering,9.31,true
244,Surveying and Cartography,"The Surveying and Cartography subcategory includes skills related to accurately determining the position of objects or points, measuring the distances between them, and recording this data by creating maps.",1,11,Engineering,9.31,true
654,"Engineering, Other","The Engineering, Other subcategory includes skills, knowledge, and tools related to engineering fields not represented by another subcategory.",1,11,Engineering,9.31,true
245,Air Quality and Emissions,"The Air Quality and Emissions subcategory includes skills related to testing, managing, and improving air quality by controlling emissions and air pollution.",1,12,Environment,9.31,true
246,Climate Change,The Climate Change subcategory includes skills related to the study of long-term shifts in temperature and weather patterns.,1,12,Environment,9.31,true
247,Conservation,"The Conservation subcategory includes skills related to conserving resources and wildlife through planning, analysis, and management.",1,12,Environment,9.31,true
248,Ecology,The Ecology subcategory includes skills related to the study of the relationships that organisms have with each other and with their natural environment.,1,12,Environment,9.31,true
249,Environment and Resource Management,The Environment and Resource Management subcategory includes skills related to managing natural resources and minimizing the impact of human activities on the environment.,1,12,Environment,9.31,true
250,Environmental Engineering and Restoration,The Environmental Engineering and Restoration subcategory includes skills related to restoring or improving the quality of the environment.,1,12,Environment,9.31,true
251,Environmental Geology,"The Environmental Geology subcategory includes skills related to the analysis, testing, and management of geological resources such as soil and groundwater.",1,12,Environment,9.31,true
252,Environmental Regulations,"The Environmental Regulations subcategory includes skills related to governmental standards, regulations, and laws put in place to protect the environment.",1,12,Environment,9.31,true
253,Forestry,"The Forestry subcategory includes skills related to the science and craft of creating, managing, using, conserving, and repairing forests, woodlands, and associated resources for human and environmental benefits.",1,12,Environment,9.31,true
254,Hazardous Materials Management,"The Hazardous Materials Management subcategory includes skills related to the safe handling, storage, and disposal of hazardous materials.",1,12,Environment,9.31,true
255,Waste Management,"The Waste Management subcategory includes skills related to collecting, transporting, and disposing of garbage and other waste products.",1,12,Environment,9.31,true
256,Accounting and Finance Software,The Accounting and Finance Software subcategory includes software tools used to streamline and automate the process of recording and reporting financial transactions.,1,13,Finance,9.31,true
257,Accounts Payable and Receivable,The Accounts Payable and Receivable subcategory includes skills related to managing and processing accounts payable and receivable.,1,13,Finance,9.31,true
259,Banking Services,The Banking Services subcategory includes skills related to performing services offered by a bank.,1,13,Finance,9.31,true
260,Billing and Invoicing,The Billing and Invoicing subcategory includes skills related to preparing and sending invoices.,1,13,Finance,9.31,true
261,Budget Management,The Budget Management subcategory includes skills related to managing budgets for a client or managing a budget within an organization or department.,1,13,Finance,9.31,true
262,Cash Management,The Cash Management subcategory includes skills related to collecting and managing cash flows and cash transactions.,1,13,Finance,9.31,true
263,Commercial Lending,The Commercial Lending subcategory includes skills related to loans extended to a business from a financial institution.,1,13,Finance,9.31,true
264,Cost Accounting,"The Cost Accounting subcategory includes skills related to recording, reporting, and managing the costs associated with operating a business or manufacturing a product.",1,13,Finance,9.31,true
266,Cryptocurrency,The Cryptocurrency subcategory includes skills related to digital or virtual currencies that are secured by cryptology.,1,13,Finance,9.31,true
267,Electronic Trading,The Electronic Trading subcategory includes skills related to buying and selling stocks and other financial products using an electronic platform.,1,13,Finance,9.31,true
269,Financial Accounting,"The Financial Accounting subcategory includes skills related to keeping track of a company’s financial transactions, including recording, summarizing, and presenting the transactions in a financial report.",1,13,Finance,9.31,true
270,Financial Advisement,The Financial Advisement subcategory includes skills related to providing financial advice to individuals and businesses to help them meet long-term financial goals.,1,13,Finance,9.31,true
271,Financial Analysis,"The Financial Analysis subcategory includes skills related to evaluating businesses, projects, and other entities to assess their financial performance, stability, and profitability.",1,13,Finance,9.31,true
272,Financial Management,"The Financial Management subcategory includes skills related to the strategic planning, direction, and management of an organization's finances in order to maximize profitability and ensure financial stability.",1,13,Finance,9.31,true
273,Financial Modeling,The Financial Modeling subcategory includes skills related to creating and analyzing models in order to interpret financial data.,1,13,Finance,9.31,true
274,Financial Regulation,The Financial Regulation subcategory includes skills related to understanding and adhering to regulations surrounding financial institutions and markets.,1,13,Finance,9.31,true
275,Financial Reporting,The Financial Reporting subcategory includes skills related to creating reports in order to track and communicate the financial activities of a business.,1,13,Finance,9.31,true
277,Financial Trading,The Financial Trading subcategory includes skills related to buying and selling financial instruments.,1,13,Finance,9.31,true
278,General Accounting,"The General Accounting subcategory includes skills related to common accounting practices such as bookkeeping, financial calculations, and month-end closing.",1,13,Finance,9.31,true
279,General Lending,The General Lending subcategory includes skills related to the extension of loans and credit to consumers.,1,13,Finance,9.31,true
280,Insurance,"The Insurance subcategory includes skills related to selling insurance, including home, auto, and life insurance.",1,13,Finance,9.31,true
281,Investment Management,The Investment Management subcategory includes skills related to the management of investments for a client.,1,13,Finance,9.31,true
283,Mergers and Acquisitions,The Mergers and Acquisitions subcategory includes skills related to performing mergers and acquisitions of businesses.,1,13,Finance,9.31,true
284,Mortgage Lending,"The Mortgage Lending subcategory includes skills related to extending a loan in order to purchase a house, land, or commercial property.",1,13,Finance,9.31,true
285,Specialized Accounting,"The Specialized Accounting subcategory includes skills related to accounting for specific industries or niches, such as construction accounting and small business accounting.",1,13,Finance,9.31,true
286,Structured Finance,The Structured Finance subcategory includes skills related to buying and selling structured financial instruments.,1,13,Finance,9.31,true
287,Tax,"The Tax subcategory includes skills and software tools related to preparing tax documents, paying taxes, and complying with tax laws.",1,13,Finance,9.31,true
288,Underwriting,The Underwriting subcategory includes skills related to accepting liability by issuing an insurance policy and guaranteeing payment if loss or damage occurs.,1,13,Finance,9.31,true
655,General Finance,"The General Finance subcategory includes a range of widely applicable skills related to the study and management of money, currency, assets, and investments.",1,13,Finance,9.31,true
289,Nursing and Patient Care,"The Nursing and Patient Care subcategory includes skills related to providing medical care to the injured, sick, and dying. This group encompasses a variety of skills such as care planning, pain management, medication administration, symptom monitoring, and end-of-life care.",1,14,Health Care,9.31,true
290,Alternative Therapy,"The Alternative Therapy subcategory includes skills related to various systems of healing or treating disease not included in traditional medical practice, such as Homeopathy.",1,14,Health Care,9.31,true
292,Anesthesiology,The Anesthesiology subcategory includes skills related to administering anesthetics to patients during medical procedures.,1,14,Health Care,9.31,true
293,Animal Health and Veterinary Medicine,The Animal Health and Veterinary Medicine subcategory includes skills related to diagnosis and treatment of disorders and diseases in animals.,1,14,Health Care,9.31,true
294,Home Health Care and Assisted Living,The Home Health Care and Assisted Living subcategory includes skills related to providing health care services in the patient's home or in a long-term care facility. This group also encompasses skills related to giving patients assistance with basic daily activities such as feeding and bathing.,1,14,Health Care,9.31,true
296,Blood Collection,The Blood Collection subcategory includes skills related to obtaining blood specimens from patients for laboratory testing.,1,14,Health Care,9.31,true
297,Cardiology,The Cardiology subcategory includes skills related to the diagnosis and treatment of diseases and abnormalities of the heart.,1,14,Health Care,9.31,true
299,Clinical Informatics,The Clinical Informatics subcategory includes skills related to applying information technology to the health care field with an aim to improve treatments for patients.,1,14,Health Care,9.31,true
301,Oral and Dental Care,"The Oral and Dental Care subcategory includes skills related to dental hygiene and the diagnosis and treatment of diseases of the mouth, jaw, teeth, and gums.",1,14,Health Care,9.31,true
302,Dermatology,"The Dermatology subcategory includes skills related to treating diseases and disorders of the skin, hair, and nails.",1,14,Health Care,9.31,true
303,"Ear, Nose, and Throat","The Ear, Nose, and Throat subcategory includes skills related to care and treatment of disorders of the ears, nose, and throat.",1,14,Health Care,9.31,true
304,Emergency and Intensive Care,The Emergency and Intensive Care subcategory includes skills related to providing treatment and care to dangerously ill or injured patients.,1,14,Health Care,9.31,true
305,Endocrinology,The Endocrinology subcategory includes skills related to diagnosis and treatment of disorders and diseases of the endocrine system and hormones.,1,14,Health Care,9.31,true
306,Eye Care,The Eye Care subcategory includes skills related to the care and treatment of eyes.,1,14,Health Care,9.31,true
307,First Aid,The First Aid subcategory includes skills related to giving help to a sick or injured person until full medical treatment is available.,1,14,Health Care,9.31,true
308,Gastroenterology,The Gastroenterology subcategory includes skills related to treating diseases of the digestive system.,1,14,Health Care,9.31,true
309,General Medical Tests and Procedures,"The General Medical Tests and Procedures subcategory includes skills related to performing medical tests and procedures used in all areas of medicine, such as checking vital signs and administering intravenous therapy.",1,14,Health Care,9.31,true
310,General Medicine,"The General Medicine subcategory includes skills related to providing medical care that are used in all areas of medicine, such as clinical assessments and medical terminology.",1,14,Health Care,9.31,true
311,Genetic Disorders,"The Genetic Disorders skills subcategory includes skills related to diagnosing, treating, and counseling patients with genetic disorders.",1,14,Health Care,9.31,true
312,Geriatrics,The Geriatrics subcategory includes skills related to caring for the elderly.,1,14,Health Care,9.31,true
313,Health Care Procedure and Regulation,"The Health Care Procedure and Regulation subcategory includes skills related to understanding, applying, and adhering to healthcare procedures and regulations.",1,14,Health Care,9.31,true
314,Health Information Management and Medical Records,"The Health Information Management and Medical Records subcategory includes skills related to acquiring, analyzing, and protecting digital and traditional medical information vital to providing quality patient care.",1,14,Health Care,9.31,true
315,Hematology,The Hematology subcategory includes skills related to the study and treatment of disorders and diseases of the blood and blood vessels.,1,14,Health Care,9.31,true
316,Hepatology,"The Hepatology subcategory includes skills relating to diagnosing and treating disorders of the liver, gallbladder, biliary tree, and pancreas.",1,14,Health Care,9.31,true
317,Immunology,"The Immunology subcategory includes skills related to the diagnosis and treatment of disorders of the immune system, including allergies and hypersensitivities.",1,14,Health Care,9.31,true
318,Infectious Diseases,"The Infectious Diseases subcategory includes skills related to the diagnosis, prevention, and treatment of disorders caused by organisms such as viruses and bacteria, including communicable diseases such as influenza and noncommunicable infections such as Lyme disease.",1,14,Health Care,9.31,true
319,Injury Treatment,The Injury Treatment subcategory includes skills related to treating injuries.,1,14,Health Care,9.31,true
320,Medical Billing and Coding,"The Medical Billing and Coding subcategory includes skills related to submitting health insurance claims and transcribing medical procedures, services, and equipment into standardized alphanumeric codes.",1,14,Health Care,9.31,true
322,Medical Equipment and Technology,The Medical Equipment and Technology subcategory includes skills relating to the use of equipment and technology in a medical setting.,1,14,Health Care,9.31,true
323,Medical Imaging,The Medical Imaging subcategory includes skills related to the use of x-rays and other technologies to view the human body in order to diagnose and treat diseases.,1,14,Health Care,9.31,true
325,Medical Support,"The Medical Support subcategory includes skills related to providing support to healthcare providers and patients while they provide or receive medical treatment, such as nursing assistance, sterile processing, and patient transport.",1,14,Health Care,9.31,true
326,Mental and Behavioral Health Specialties,The Mental and Behavioral Health Specialties subcategory includes skills related to care and treatment of a person’s psychological and emotional well-being.,1,14,Health Care,9.31,true
327,Mental Health Diseases and Disorders,The Mental Health Diseases and Disorders subcategory includes skills related to diagnosis and treatment of mental health diseases and disorders.,1,14,Health Care,9.31,true
328,Mental Health Therapies,The Mental Health Therapies subcategory includes skills related to providing therapy and treatment for mental health disorders and diseases.,1,14,Health Care,9.31,true
329,Mobility Assistance,The Mobility Assistance subcategory includes skills related to diagnosing and treating mobility disorders.,1,14,Health Care,9.31,true
330,Nephrology,The Nephrology subcategory includes skills related to diagnosing and treating kidney disorders.,1,14,Health Care,9.31,true
331,Neurology,The Neurology subcategory includes skills related to diagnosing and treating disorders of the nervous system.,1,14,Health Care,9.31,true
332,Nuclear Medicine,"The Nuclear Medicine subcategory includes skills related to using radioactive substances in the research, diagnosis, or treatment of diseases and disorders.",1,14,Health Care,9.31,true
333,Nutrition and Diet,The Nutrition and Diet subcategory includes skills relate to improving a patient’s diet and providing them with good nutrition to improve their health outcomes.,1,14,Health Care,9.31,true
334,Obstetrics and Gynecology (OBGYN),The Obstetrics and Gynecology (OBGYN) subcategory includes skills related to caring for women during pregnancy and childbirth and the diagnosis and treatment of diseases of the female reproductive organs.,1,14,Health Care,9.31,true
335,Oncology,The Oncology subcategory includes skills related to the diagnosis and treatment of cancer.,1,14,Health Care,9.31,true
336,Orthopedics,The Orthopedics subcategory includes skills related to the diagnosis and treatment of disorders of the musculoskeletal system.,1,14,Health Care,9.31,true
337,Pathology,"The Pathology subcategory includes skills related to studying the causes and effects of diseases, including the laboratory examination of samples of body tissue for diagnostic purposes.",1,14,Health Care,9.31,true
338,Patient Education and Support,The Patient Education and Support subcategory includes skills related to providing patients with information on medical procedures and providing patients with emotional support and counseling.,1,14,Health Care,9.31,true
340,Pediatrics,The Pediatrics subcategory includes skills related to the diagnosis and treatment of childhood diseases.,1,14,Health Care,9.31,true
341,Pharmacy,The Pharmacy subcategory includes skills related to the preparation and dispensing of medicinal drugs.,1,14,Health Care,9.31,true
342,Physical Therapy,"The Physical Therapy subcategory includes skills related to treating disease, injury, or deformity by physical means, such as exercise.",1,14,Health Care,9.31,true
343,Poison Control,"The Poison Control skills subcategory includes skills relating to the advice, assistance, and medical care given after exposure to poisonous or hazardous substances.",1,14,Health Care,9.31,true
344,Public Health and Disease Prevention,"The Public Health and Disease Prevention subcategory includes skills related to dealing with public health, including epidemiology and disease prevention.",1,14,Health Care,9.31,true
345,Pulmonology,The Pulmonology subcategory includes skills related to diagnosing and treating diseases of the respiratory tract.,1,14,Health Care,9.31,true
346,Rehabilitation,The Rehabilitation subcategory includes skills related to restoring a person to health through training and therapy after addiction or illness.,1,14,Health Care,9.31,true
347,Speech Language Pathology,"The Speech Language Pathology subcategory includes skills related to diagnosing and treating communication, voice, speech, and swallowing disorders.",1,14,Health Care,9.31,true
348,Surgery,The Surgery subcategory includes skills related to investigating and treating injuries or disorders of the body by incision or manipulation.,1,14,Health Care,9.31,true
349,Urology,The Urology subcategory includes skills related to the branch of medicine that focuses on surgical and medical diseases of the male and female urinary-tract system and the male reproductive organs.,1,14,Health Care,9.31,true
649,Health Care Administration,The Health Care Administration subcategory includes skills related to the management and administration of medical facilities.,1,14,Health Care,9.31,true
350,Events and Conferences,"The Events and Conferences subcategory includes skills related to planning and executing large-scale events, such as conferences, ceremonies, weddings, and conventions.",1,15,Hospitality and Food Services,9.31,true
351,Food and Beverage,The Food and Beverage subcategory includes skills related to the preparation and service of food and beverages.,1,15,Hospitality and Food Services,9.31,true
352,Hotels and Accommodations,The Hotels and Accommodations subcategory includes skills related to managing and operating hotels and other guest accommodations.,1,15,Hospitality and Food Services,9.31,true
354,Travel and Tourism,"The Travel and Tourism subcategory includes skills related to providing advice and services to travelers, such as travel planning, booking reservations, and guided tours.",1,15,Hospitality and Food Services,9.31,true
652,Hospitality Services,"The Hospitality Services subcategory includes skills required in a variety of occupations across the hospitality industry, such as hotel and restaurant management, reservations, and valet parking.",1,15,Hospitality and Food Services,9.31,true
355,Compensation and Benefits,"The Compensation and Benefits subcategory includes skills related to managing employee compensation, benefits, and rewards.",1,16,Human Resources,9.31,true
356,Employee Relations,The Employee Relations subcategory includes skills related to managing relations between employee and employer and ensuring fair and consistent treatment to all employees.,1,16,Human Resources,9.31,true
357,Employee Training,The Employee Training subcategory includes skills related to onboarding new employees and the ongoing training of employees.,1,16,Human Resources,9.31,true
358,Human Resources Management and Planning,"The Human Resource Management and Planning subcategory includes skills related to managing an organization's human resources, including formulating hiring strategies, setting human resource policies, and planning personnel needs.",1,16,Human Resources,9.31,true
359,Human Resources Software,"The Human Resources Software subcategory includes software tools used for human resource purposes, such as applicant tracking systems.",1,16,Human Resources,9.31,true
360,Payroll,"The Payroll subcategory includes skills and software tools related to payroll processing, disbursement, and record-keeping.",1,16,Human Resources,9.31,true
361,Recruitment,"The Recruitment subcategory includes skills related to analyzing job requirements, attracting employees, screening and selecting applicants, and hiring to fill a vacant position.",1,16,Human Resources,9.31,true
363,Computer Science,"The Computer Science skills subcategory includes skills related to the study of information and computation, including computer systems, programming languages, algorithms, data structures, and programming.",1,17,Information Technology,9.31,true
365,Agile Software Development,"The Agile Software Development subcategory includes skills related to an iterative approach to software development where solutions evolve through the collaborative effort of self-organizing and cross-functional teams.  It advocates adaptive planning, early delivery, and continual improvement, and it encourages rapid and flexible response to change.",1,17,Information Technology,9.31,true
367,Malware Protection,"The Malware Protection subcategory includes skills related to the use of computer software to protect individual computing devices, servers, or networks from infections caused by malicious software such as viruses, rootkits, ransomware, and spyware.",1,17,Information Technology,9.31,true
369,Application Programming Interface (API),"The Application Programming Interface (API) subcategory includes skills related to the use or management of a set of subroutine definitions, communication protocols, and tools for building software.",1,17,Information Technology,9.31,true
372,Artificial Intelligence and Machine Learning (AI/ML),"The Artificial Intelligence and Machine Learning (AI/ML) subcategory includes skills related to the design and use of intelligent machines to mimic cognitive functions that humans associate with the human mind, such as learning and problem solving.",1,17,Information Technology,9.31,true
374,Augmented and Virtual Reality (AR/VR),The Augmented and Virtual Reality (AR/VR) subcategory includes skills related to computer-generated objects or environments that simulate or enhance real-world experiences.,1,17,Information Technology,9.31,true
375,Backup Software,"The Backup Software subcategory includes skills related to creating supplementary exact copies of files, databases, or entire computers to restore the original contents in the event of data loss.",1,17,Information Technology,9.31,true
376,Basic Technical Knowledge,"The Basic Technical Knowledge subcategory includes skills related to a basic understanding and use of common technological devices, terminology, and software tools, such as smartphones, keyboards, and web browsers.",1,17,Information Technology,9.31,true
378,Blockchain,"The Blockchain subcategory includes skills related to blockchain technology - a distributed ledger system that uses a series of linked, encrypted data records, called blocks, to securely record transactions.",1,17,Information Technology,9.31,true
379,C and C++,The C and C++ subcategory includes skills related to computer programming using the C and C++ programming languages.,1,17,Information Technology,9.31,true
381,Cloud Computing,"The Cloud Computing subcategory includes skills related to providing computer system resources, products, and services over the internet.",1,17,Information Technology,9.31,true
382,Cloud Solutions,"The Cloud Solutions subcategory includes specific services, computer networks, storage, applications, or resources accessed via the internet.",1,17,Information Technology,9.31,true
384,Collaborative Software,The Collaborative Software subcategory includes skills related to using application software designed to help people involved in a common task to achieve their goals.,1,17,Information Technology,9.31,true
386,Computer Hardware,"The Computer Hardware subcategory includes skills related to the physical, tangible parts or components of a computer, such as the cabinet, central processing unit, monitor, keyboard, computer data storage, graphics card, sound card, speakers, and motherboard.",1,17,Information Technology,9.31,true
387,Log Management,"The Log Management subcategory includes skills and software tools related to the creation, analysis, and output of computer log files.",1,17,Information Technology,9.31,true
389,Configuration Management,"The Configuration Management subcategory includes skills related to the systems engineering process of creating, maintaining, and controlling the consistency and quality of a product's attributes and performance over time.",1,17,Information Technology,9.31,true
391,Content Management Systems,The Content Management Systems subcategory includes skills related to using software to manage the creation and modification of digital content.,1,17,Information Technology,9.31,true
392,Cybersecurity,"The Cybersecurity subcategory includes skills related to protecting computer systems from theft or damage to hardware, software, or electronic data.",1,17,Information Technology,9.31,true
393,Data Collection,The Data Collection subcategory includes skills related to gathering information and measurements in a systematic way in order to answer specific questions and predict or evaluate outcomes.,1,17,Information Technology,9.31,true
395,Data Management,"The Data Management subcategory includes skills related to managing the data collected and created by an organization, such as data governance, data architecture, data integration, and data quality.",1,17,Information Technology,9.31,true
396,Data Storage,The Data Storage subcategory includes skills related to storing digital data using computer hardware or other recording devices.,1,17,Information Technology,9.31,true
400,Database Architecture and Administration,"The Database Architecture and Administration subcategory includes skills related to the design, construction, implementation, and maintenance of a database system.",1,17,Information Technology,9.31,true
406,Distributed Computing,"The Distributed Computing subcategory includes skills related to the use of a system whose components are run on different computers and which communicate and coordinate their actions by communicating over a shared network, such as remote procedure call and distributed file systems.",1,17,Information Technology,9.31,true
409,Enterprise Application Management,The Enterprise Application Management subcategory includes skills and software tools used to manage and integrate a set of computer applications within a single business or organization.,1,17,Information Technology,9.31,true
411,Enterprise Information Management,"The Enterprise Information Management subcategory includes skills and software tools related to storing, organizing, and managing an organization's information in order to support decision-making processes or day-to-day operations.",1,17,Information Technology,9.31,true
415,Extensible Languages and XML,"The Extensible Languages and XML subcategory includes skills related to using a class of meta, markup, query, or execution languages that allow developers and users to add or define new language features.",1,17,Information Technology,9.31,true
416,"Extraction, Transformation, and Loading (ETL)","The Extraction, Transformation, and Loading (ETL) subcategory includes skills and software tools used in the process of integrating data into a data warehouse so that it can be accessed and use, including extracting data from various sources, transforming the data by cleaning and standardization, and loading the prepared data into a database system.",1,17,Information Technology,9.31,true
419,Firmware,The Firmware subcategory includes skills related to software that is installed directly on a hardware device.,1,17,Information Technology,9.31,true
421,General Networking,The General Networking subcategory includes skills related to interactions between devices connected via a wired or wireless computer network.,1,17,Information Technology,9.31,true
422,Geospatial Information and Technology,"The Geospatial Information and Technology subcategory includes skills, software tools, and technologies related to the capture, storage, manipulation, analysis, and management of spatial or geographic data.",1,17,Information Technology,9.31,true
426,Identity and Access Management,"The Identity and Access Management subcategory includes skills, software tools, and technologies used to ensure that only authorized persons in an enterprise have access to particular data and system resources.",1,17,Information Technology,9.31,true
428,Integrated Development Environments (IDEs),"The Integrated Development Environments (IDEs) subcategory includes skills and software tools related to developing software applications using a single, integrated interface.",1,17,Information Technology,9.31,true
430,Internet of Things (IoT),"The Internet of Things (IoT) subcategory includes skills related to physical devices embedded with software, sensors, and other technologies, allowing them to collect and exchange data with other connected devices over a network.",1,17,Information Technology,9.31,true
434,iOS Development,The iOS Development subcategory includes skills related to software programming and development for the Apple iOS operating system.,1,17,Information Technology,9.31,true
435,IT Automation,The IT Automation subcategory includes skills and software tools related to creating systems or processes that replace or reduce manual human interaction with IT systems and tasks.,1,17,Information Technology,9.31,true
436,IT Management,"The IT Management subcategory includes skills related to managing the information technology resources of a firm, such as computer hardware, software, data, networks, and the staff hired to maintain them.",1,17,Information Technology,9.31,true
437,Java,The Java subcategory includes skills and software tools related to the Java programming language and its use in the development of software applications.,1,17,Information Technology,9.31,true
438,JavaScript and jQuery,"The JavaScript and jQuery subcategory includes skills and software tools related to programming in the JavaScript language and using various associated modules and libraries, such as jQuery.",1,17,Information Technology,9.31,true
440,Mainframe Technologies,"The Mainframe Technologies subcategory includes skills related to the use of large-scale, specialized computers with more data processing and storage capabilities than standard personal computers.",1,17,Information Technology,9.31,true
442,Microsoft Development Tools,"The Microsoft Development Tools subcategory includes skills related to software development using tools created by Microsoft for the creation, debugging, maintenance, and support of other programs and applications.",1,17,Information Technology,9.31,true
445,Microsoft Windows,The Microsoft Windows subcategory includes skills related to using the Microsoft Windows operating system.,1,17,Information Technology,9.31,true
446,Middleware,The Middleware subcategory includes skills related to software tools that act as an intermediary between software applications or between a software application and the underlying operating system.,1,17,Information Technology,9.31,true
447,Mobile Development,The Mobile Development subcategory includes skills related to developing software or systems for mobile devices.,1,17,Information Technology,9.31,true
450,Network Protocols,The Network Protocols subcategory includes skills related to the set of rules that define communication between two or more devices over a network.,1,17,Information Technology,9.31,true
451,Network Security,The Network Security subcategory includes skills and software tools related to monitoring and preventing unauthorized access to or misuse of a computer network and its associated resources.,1,17,Information Technology,9.31,true
452,Networking Hardware,"The Networking Hardware subcategory relates to physical devices required for communication and interaction between devices on a computer network, such as routers, switches, and cables.",1,17,Information Technology,9.31,true
453,Networking Software,"The Networking Software subcategory includes software tools used to create, deploy, and manage computer networks.",1,17,Information Technology,9.31,true
455,Operating Systems,The Operating Systems subcategory includes skills related to computer system software used to support a computer's basic functions and manage its hardware and software resources.,1,17,Information Technology,9.31,true
456,Other Programming Languages,The Other Programming Languages subcategory includes skills related to programming languages not covered in the other subcategories.,1,17,Information Technology,9.31,true
464,Query Languages,The Query Languages subcategory includes skills related to the use of a computer language to search and update the contents of a database or other information system.,1,17,Information Technology,9.31,true
470,Scripting,The Scripting subcategory includes skills related to executing scripts or computer commands that make use of an interpreter and therefore do not need to be compiled.,1,17,Information Technology,9.31,true
471,Scripting Languages,The Scripting Languages subcategory includes skills related to specific programming languages used to create commands within a file that are executed using an interpreter and therefore do not need to be compiled.,1,17,Information Technology,9.31,true
472,Search Engines,"The Search Engines subcategory includes skills related to using a software system that is designed to search the world wide web for information and return results in the form of links to web pages, images, videos, and other types of files.",1,17,Information Technology,9.31,true
473,Servers,The Servers subcategory includes skills related to a computer program or device that provides functionality for other programs or devices by serving up data or other resources.,1,17,Information Technology,9.31,true
474,Software Development,"The Software Development subcategory includes skills related to the planning, design, creation, testing, bug-fixing, and shipping of software applications.",1,17,Information Technology,9.31,true
476,Software Development Tools,"The Software Development Tools subcategory includes software tools used by software developers use to create, debug, maintain, or otherwise support other software programs and software applications.",1,17,Information Technology,9.31,true
477,Software Quality Assurance,"The Software Quality Assurance subcategory includes skills related to monitoring software engineering processes, methods, and activities and to ensure quality is maintained and regulatory standards are met.",1,17,Information Technology,9.31,true
479,Databases,The Databases subcategory includes software tools used to organize and access collections of electronic data.,1,17,Information Technology,9.31,true
480,System Design and Implementation,The System Design and Implementation subcategory includes skills related to planning and designing information systems and ensuring that the information system meets quality standards.,1,17,Information Technology,9.31,true
481,Systems Administration,"The Systems Administration subcategory includes skills related to managing software, hardware, network, server, or workstation systems efficiently and effectively.",1,17,Information Technology,9.31,true
482,Technical Support and Services,"The Technical Support and Services subcategory includes skills related to giving technical advice and assisting with hardware and software installations, maintenance, troubleshooting, and repairs.",1,17,Information Technology,9.31,true
483,Telecommunications,"The Telecommunications subcategory includes skills related to the electronic transmission of information by telephone, radio, computer networks, or other technologies.",1,17,Information Technology,9.31,true
484,Test Automation,The Test Automation subcategory includes skills related to using software to automatically execute tests on another software program.,1,17,Information Technology,9.31,true
486,Version Control,"The Version Control subcategory includes skills and software tools related to tracking and managing changes made to a computer program, file, or document over time so that specific versions can be retrieved later.",1,17,Information Technology,9.31,true
487,Video and Web Conferencing,"The Video and Web Conferencing subcategory includes skills and software tools used to conduct conferences between two or more participants in different locations in real time, using computer networks to transmit audio and video data.",1,17,Information Technology,9.31,true
488,Virtualization and Virtual Machines,"The Virtualization and Virtual Machines subcategory includes skills and technologies related to using software to create a virtual version of an operating system, application, server, database, or network.",1,17,Information Technology,9.31,true
490,Web Content,"The Web Content subcategory includes skills and software tools related to creating, publishing, and managing audio, visual, or textual content on a website.",1,17,Information Technology,9.31,true
491,Web Design and Development,"The Web Design and Development subcategory includes skills and software tools related to planning, designing, programming, and deploying functional, user-friendly, and aesthetically pleasing websites and web pages.",1,17,Information Technology,9.31,true
494,Web Services,The Web Services subcategory includes skills and software tools related to internet-based data exchange systems.,1,17,Information Technology,9.31,true
495,Wireless Technologies,The Wireless Technologies subcategory includes skills and tools related to the transfer of data between two or more points without the use of physical wires or cables.,1,17,Information Technology,9.31,true
258,Auditing,"The Auditing subcategory includes skills related to conducting an official examination of an organization's records or processes to ensure compliance with quality, safety, and ethical standards.",1,19,"Law, Regulation, and Compliance",9.31,true
502,Criminal Investigation and Forensics,"The Criminal Investigation and Forensics subcategory includes skills related to collecting, managing, and studying evidence in order to detect crimes and inform criminal trials, including using scientific methods and tests to evaluate physical evidence.",1,19,"Law, Regulation, and Compliance",9.31,true
503,Labor Compliance,The Labor Compliance subcategory includes skills related to ensuring compliance with regulations surrounding terms or conditions of employment.,1,19,"Law, Regulation, and Compliance",9.31,true
504,Law Enforcement and Criminal Justice,The Law Enforcement and Criminal Justice subcategory includes skills related to compelling compliance with the law and delivering justice to those who have committed crimes.,1,19,"Law, Regulation, and Compliance",9.31,true
505,Legal Proceedings,"The Legal Proceedings subcategory includes skills related to taking legal action in court, including legal hearings, appeals, and jury trials.",1,19,"Law, Regulation, and Compliance",9.31,true
506,Legal Support,The Legal Support subcategory includes skills and software tools related to supporting legal processes by performing a variety of tasks such as preparing legal documents and conducting legal research.,1,19,"Law, Regulation, and Compliance",9.31,true
507,Litigation and Civil Justice,"The Litigation and Civil Justice subcategory includes skills related to civil law, such as class action lawsuits and family law.",1,19,"Law, Regulation, and Compliance",9.31,true
508,Occupational Health and Safety,"The Occupational Health and Safety subcategory includes skills related to regulations, procedures, and strategies to prevent injury and illness at the workplace.",1,19,"Law, Regulation, and Compliance",9.31,true
509,Property Law,The Property Law subcategory includes skills related to laws protecting physical and intellectual property.,1,19,"Law, Regulation, and Compliance",9.31,true
510,Quality Assurance and Control,The Quality Assurance and Control subcategory includes skills related to maintaining the desired level of quality in a service or product.,1,19,"Law, Regulation, and Compliance",9.31,true
511,Regulation and Legal Compliance,The Regulation and Legal Compliance subcategory includes skills related to understanding and adhering to regulations and laws.,1,19,"Law, Regulation, and Compliance",9.31,true
512,Appliance Repair and Maintenance,The Appliance Repair and Maintenance subcategory includes skills related to repairing and maintaining appliances and domestic items.,1,20,"Maintenance, Repair, and Facility Services",9.31,true
513,Basic Electrical Systems,"The Basic Electrical Systems subcategory includes skills related to installing, maintaining, testing, and operating basic electrical systems and equipment.",1,20,"Maintenance, Repair, and Facility Services",9.31,true
514,Cleaning and Janitorial Services,The Cleaning and Janitorial Services subcategory includes skills related to cleaning and sanitizing indoor spaces.,1,20,"Maintenance, Repair, and Facility Services",9.31,true
515,Equipment Repair and Maintenance,The Equipment Repair and Maintenance subcategory includes skills related to repairing and maintaining equipment and machinery.,1,20,"Maintenance, Repair, and Facility Services",9.31,true
516,Facility Management and Maintenance,"The Facility Management and Maintenance subcategory includes skills related to ensuring the safety, functionality, and efficiency of a building and its equipment.",1,20,"Maintenance, Repair, and Facility Services",9.31,true
517,General Repairs and Maintenance,The General Repairs and Maintenance subcategory includes skills related to using general electrical and mechanical knowledge to perform basic repairs and maintenance.,1,20,"Maintenance, Repair, and Facility Services",9.31,true
518,Hand Tools,"The Hand Tools subcategory includes skills related to using hand tools, such as hammers and wrenches.",1,20,"Maintenance, Repair, and Facility Services",9.31,true
519,HVAC,"The HVAC subcategory includes skills related to design, installation, and operation of heating, ventilation, and air conditioning (HVAC) systems.",1,20,"Maintenance, Repair, and Facility Services",9.31,true
520,Plumbing,"The Plumbing subcategory includes skills related to installing, servicing, maintaining, and repairing plumbing systems.",1,20,"Maintenance, Repair, and Facility Services",9.31,true
521,Power Tools,"The Power Tools subcategory includes skills related to operating power tools, such as nail guns.",1,20,"Maintenance, Repair, and Facility Services",9.31,true
522,Vehicle Repair and Maintenance,The Vehicle Repair and Maintenance subcategory includes skills related to repairing and maintaining vehicles.,1,20,"Maintenance, Repair, and Facility Services",9.31,true
656,Groundskeeping and Yard Care,"The Groundskeeping and Yard Care subcategory includes skills and tools related to the routine care and maintenance of lawns, gardens, and landscaping.",1,20,"Maintenance, Repair, and Facility Services",9.31,true
657,Telecommunications Equipment and Installation,"The Telecommunications Equipment and Installation subcategory includes skills and equipment necessary for the installation, repair, and maintenance of telecommunications systems.",1,20,"Maintenance, Repair, and Facility Services",9.31,true
524,Computer-Aided Manufacturing,"The Computer-Aided Manufacturing subcategory includes skills related to tools, software, and computer-controlled machinery used to automate the manufacturing process.",1,21,Manufacturing and Production,9.31,true
525,Electronics Manufacturing,"The Electronics Manufacturing subcategory includes skills relating to making electronic equipment, components, and systems.",1,21,Manufacturing and Production,9.31,true
526,Food Science and Processing,"The Food Science and Processing subcategory includes skills related to the study and manufacture of food and beverage items, such as food chemistry, dairy science, and seafood processing.",1,21,Manufacturing and Production,9.31,true
527,Lean Manufacturing,"The Lean Manufacturing subcategory includes skills related to methods, strategies, and approaches which help to minimize waste, optimize output, and improve performance throughout the manufacturing process.",1,21,Manufacturing and Production,9.31,true
530,Machinery,The Machinery subcategory includes skills related to equipment and machine tools used during the manufacturing process.,1,21,Manufacturing and Production,9.31,true
531,Manufacturing Design,"The Manufacturing Design subcategory includes skills related to creating, identifying, and reviewing designs used for manufacturing processes, as well as designing the manufacturing facility for optimization.",1,21,Manufacturing and Production,9.31,true
532,Manufacturing Processes,"The Manufacturing Processes subcategory includes skills related to different types of manufacturing processes, such as molding, etching, and coating.",1,21,Manufacturing and Production,9.31,true
533,Manufacturing Standards,The Manufacturing Standards subcategory includes skills related to standards and procedures involved in the manufacturing process.,1,21,Manufacturing and Production,9.31,true
534,Metal Fabrication,The Metal Fabrication subcategory includes skills related to processes and tools used for creating metal products and structures.,1,21,Manufacturing and Production,9.31,true
535,Micro Manufacturing,"The Micro Manufacturing subcategory includes skills related to manufacturing small, micro-scale components.",1,21,Manufacturing and Production,9.31,true
536,Plant Operations and Management,The Plant Operations and Management subcategory includes skills related to overseeing and managing the daily operations of a manufacturing plant.,1,21,Manufacturing and Production,9.31,true
537,Product Development,"The Product Development subcategory includes skills related to developing a new product, including conceptualization, research, prototyping, and testing.",1,21,Manufacturing and Production,9.31,true
538,Product Inspection,The Product Inspection subcategory includes skills related to checking manufactured products for compliance with specifications and identifying potential failures and defects.,1,21,Manufacturing and Production,9.31,true
539,Production and Assembly,The Production and Assembly subcategory includes skills related to the manufacture and assembly of goods into finished products.,1,21,Manufacturing and Production,9.31,true
540,Textiles,The Textiles subcategory includes skills related to the manufacture and production of fabrics and apparel.,1,21,Manufacturing and Production,9.31,true
541,Transportation Equipment Manufacturing,"The Transportation Equipment Manufacturing subcategory includes skills related to the production and assembly of aircraft, ships, and other transportation vehicles.",1,21,Manufacturing and Production,9.31,true
542,"Welding, Brazing, and Soldering","The Welding, Brazing, and Soldering subcategory includes skills related to various fabrication processes and tools used to join metals and other materials by melting and then cooling either the joined material itself or a filler material.",1,21,Manufacturing and Production,9.31,true
543,Advertising,The Advertising subcategory includes skills related to advertising methods and strategies.,1,22,Marketing and Public Relations,9.31,true
544,Brand Management,"The Brand Management subcategory includes skills related to the creation, communication, and enhancement of brands for companies and products.",1,22,Marketing and Public Relations,9.31,true
547,Fundraising and Crowdsourcing,The Fundraising and Crowdsourcing subcategory includes skills and software tools related to crowdsourcing and fundraising.,1,22,Marketing and Public Relations,9.31,true
548,Industry Specific Marketing,The Industry Specific Marketing subcategory includes skills related to marketing practices and strategies for a particular industry.,1,22,Marketing and Public Relations,9.31,true
549,Market Analysis,The Market Analysis subcategory includes skills related to researching and assessing the market demand for a product or service.,1,22,Marketing and Public Relations,9.31,true
551,Marketing Software,"The Marketing Software subcategory includes software tools used to plan, analyze, or execute an organization's marketing activities.",1,22,Marketing and Public Relations,9.31,true
552,Marketing Strategy and Techniques,"The Marketing Strategy and Techniques subcategory includes skills related to a variety of marketing activities and techniques, including developing, implementing, and assessing an organization's marketing plan.",1,22,Marketing and Public Relations,9.31,true
553,Online Advertising,The Online Advertising subcategory includes skills and software tools related to conducting online advertising campaigns.,1,22,Marketing and Public Relations,9.31,true
554,Digital Marketing,"The Digital Marketing subcategory includes skills and software tools related to promoting a business, product, or service using internet-based digital media and platforms.",1,22,Marketing and Public Relations,9.31,true
555,Promotions and Campaigns,"The Promotions and Campaigns subcategory includes skills related to planning, executing, and overseeing the promotion of an individual, organization, product, or service.",1,22,Marketing and Public Relations,9.31,true
556,Public Relations,The Public Relations subcategory includes skills related to enhancing publicity or improving public perception of an organization or company.,1,22,Marketing and Public Relations,9.31,true
557,Social Media,"The Social Media subcategory includes skills related to monitoring, managing, and updating content on social media platforms.",1,22,Marketing and Public Relations,9.31,true
558,Web Analytics and SEO,The Web Analytics and SEO subcategory includes skills and software tools related to collecting and analyzing user behavior and trends on the web and improving website visibility and traffic through search engine optimization.,1,22,Marketing and Public Relations,9.31,true
498,Language Competency,"The Language Competency subcategory includes skills related to verbal or written fluency within a particular language, including sign languages.",1,23,Media and Communications,9.31,true
499,"Language Interpretation, Translation, and Studies","The Language Interpretation, Translation, and Studies subcategory includes skills related to interpreting or translating spoken or written content from one language to another. This subcategory also includes skills related to the study of languages, such as linguistics and phonetics, as well as teaching a language to a non-native speaker.",1,23,Media and Communications,9.31,true
559,Audio Production and Technology,"The Audio Production subcategory includes skills, software tools, and technologies related to creating, recording, and editing sound.",1,23,Media and Communications,9.31,true
560,Content Development and Management,"The Content Development and Management subcategory includes skills and software tools related to creating, editing, manipulating, and publishing information in a variety of formats.",1,23,Media and Communications,9.31,true
561,Journalism,"The Journalism subcategory includes skills and software tools related to gathering, preparing, and distributing news through print, radio, television, or electronic media.",1,23,Media and Communications,9.31,true
562,Literature and Literary Studies,"The Literature and Literary Studies subcategory includes skills related to the creation and study of written works, such as biographies and works of fiction.",1,23,Media and Communications,9.31,true
563,Media Production,"The Media Production subcategory includes skills, software tools, and technologies related to designing, creating, and editing print and electronic media.",1,23,Media and Communications,9.31,true
565,Photo/Video Production and Technology,"The Photo/Video Production and Technology subcategory includes skills, software tools, and technologies related to creating and manipulating still and moving images.",1,23,Media and Communications,9.31,true
566,Streaming Media Systems,The Streaming Media Systems subcategory includes skills and technologies related to streaming media over computer networks.,1,23,Media and Communications,9.31,true
567,Writing and Editing,"The Writing and Editing subcategory includes skills related to technical, creative, or any other form of writing and editing.",1,23,Media and Communications,9.31,true
576,Communication,"The Communication subcategory includes skills related to efficient and effective interpersonal, verbal, and nonverbal communication.",1,23,Media and Communications,9.31,true
185,Coaching and Athletic Training,"The Coaching and Athletic Training subcategory includes skills related to sports training, coaching, and fitness instruction.",1,24,"Performing Arts, Sports, and Recreation",9.31,true
187,Sports and Recreation,"The Sports and Recreation subcategory includes skills related to sports, recreation, and leisure activities.",1,24,"Performing Arts, Sports, and Recreation",9.31,true
568,Dance,The Dance subcategory includes skills related to the choreography and performance of any dance style.,1,24,"Performing Arts, Sports, and Recreation",9.31,true
569,Music,The Music subcategory includes skills related to the composition and performance of any musical style.,1,24,"Performing Arts, Sports, and Recreation",9.31,true
570,Theatre and Performance Art,"The Theatre and Performance Art subcategory includes skills related to creating, directing, and performing theatre or other types of performance art, including technical skills such as stagecraft and set design.",1,24,"Performing Arts, Sports, and Recreation",9.31,true
571,Animal Care,The Animal Care subcategory includes skills related to the care and supervision of animals and pets.,1,25,Personal Care and Services,9.31,true
572,Beauty and Body Treatments and Alterations,The Beauty and Body Treatments and Alterations subcategory includes skills related to providing beauty or body enhancements or alterations.,1,25,Personal Care and Services,9.31,true
573,Child Care,The Child Care subcategory includes skills related to the care and supervision of children.,1,25,Personal Care and Services,9.31,true
653,Funeral and Mortuary Services,"The Funeral and Mortuary Services subcategory includes skills related to mortuary science, preparing the deceased for burial or cremation, and arranging funerals or memorial services.",1,25,Personal Care and Services,9.31,true
577,Initiative and Leadership,The Initiative and Leadership subcategory includes skills related to acting or taking charge independently and inspiring or motivating others.,1,26,Physical and Inherent Abilities,9.31,true
578,Personal Attributes,"The Personal Attributes subcategory includes personal qualities and positive character traits, such as sincerity, trustworthiness, and willingness to learn.",1,26,Physical and Inherent Abilities,9.31,true
579,Physical Abilities,"The Physical Abilities subcategory includes skills related to a person's ability to meet the physical demands of a job, such as fine motor skills, muscular strength, and endurance.",1,26,Physical and Inherent Abilities,9.31,true
580,Critical Thinking and Problem Solving,The Critical Thinking and Problem Solving subcategory includes skills related to the ability to think critically and find creative and effective solutions to problems.,1,26,Physical and Inherent Abilities,9.31,true
581,Social Skills,The Social Skills subcategory includes skills related to the ability to interact well with others and to respond appropriately in a variety of social contexts.,1,26,Physical and Inherent Abilities,9.31,true
582,Property Management,"The Property Management subcategory includes skills and software tools related to the oversight of the daily operations and maintenance of real estate, including land, housing, and commercial buildings.",1,27,Property and Real Estate,9.31,true
583,Real Estate Development,The Real Estate Development subcategory includes skills related to the development and improvement of residential and commercial real estate.,1,27,Property and Real Estate,9.31,true
584,Real Estate Sales,The Real Estate Sales subcategory includes skills related to the sale of real estate.,1,27,Property and Real Estate,9.31,true
585,Disaster Management,"The Disaster Management subcategory includes skills related to planning for, responding to, and recovering from natural or man-made disasters and emergencies.",1,28,Public Safety and National Security,9.31,true
586,Emergency Services,"The Emergency Services subcategory includes skills related to providing first responder emergency services, including using computer-aided dispatch.",1,28,Public Safety and National Security,9.31,true
587,"Fire Prevention, Safety, and Control","The Fire Prevention, Safety, and Control subcategory includes skills related to preventing, detecting, controlling, and suppressing fires.",1,28,Public Safety and National Security,9.31,true
589,Intelligence Collection and Analysis,"The Intelligence Collection and Analysis subcategory includes skills related to collecting and analyzing intelligence, such as signals intelligence and human intelligence, in order to promote public safety and national security.",1,28,Public Safety and National Security,9.31,true
590,Military Operations,"The Military Operations subcategory includes skills related to planning, executing, and overseeing military operations.",1,28,Public Safety and National Security,9.31,true
591,Military Technology and Weapons,The Military Technology and Weapons subcategory includes skills related to using military technology and weaponry.,1,28,Public Safety and National Security,9.31,true
592,Safety and Security,The Safety and Security subcategory includes a broad range of skills related to ensuring the safety and security of people and property in a variety of settings.,1,28,Public Safety and National Security,9.31,true
593,Safety and Surveillance Technology,"The Safety and Surveillance Technology subcategory includes software tools and technologies used to ensure the physical safety and security of people and buildings, such as closed-circuit television and electronic access control.",1,28,Public Safety and National Security,9.31,true
595,Account Management,"The Account Management subcategory includes skills related to overseeing, nurturing, and retaining customer relationships.",1,29,Sales,9.31,true
597,Business-to-Business (B2B) Sales,The Business-to-Business (B2B) Sales subcategory includes skills related to organizing and making sales between two businesses.,1,29,Sales,9.31,true
598,"Company, Product, and Service Knowledge","The Company, Product, and Service Knowledge subcategory includes skills related to knowledge or information about a product or service, including technical information, to help sell that product or service.",1,29,Sales,9.31,true
599,E-Commerce,The E-Commerce subcategory includes skills and software tools related to conducting sales over the internet.,1,29,Sales,9.31,true
600,General Sales Practices,"The General Sales Practices subcategory includes skills related to selling products and services, such as sales metrics, sales forecasting, identifying leads, and upselling.",1,29,Sales,9.31,true
602,Merchandising,The Merchandising subcategory includes skills related to displaying and selling goods in a retail setting.,1,29,Sales,9.31,true
604,Prospecting and Qualification,The Prospecting and Qualification subcategory includes skills related to finding prospective clients and creating new sales opportunities.,1,29,Sales,9.31,true
605,Retail Sales,The Retail Sales subcategory includes skills related to the sale of finished products to consumers.,1,29,Sales,9.31,true
606,Sales Analysis,The Sales Analysis subcategory includes skills and software tools related to analyzing sales data to determine trends and inform future decision-making.,1,29,Sales,9.31,true
607,Sales Management,The Sales Management subcategory includes skills and software tools related to the planning and optimization of sales.,1,29,Sales,9.31,true
609,Solution Sales Engineering,"The Solution Sales Engineering subcategory includes skills related to identifying and understanding a customer's needs, then making a sale of a product or service that solves that problem.",1,29,Sales,9.31,true
610,Specialized Sales,"The Specialized Sales subcategory includes skills related to sales in a specialized area, where product or service knowledge may not directly translate to a different area.",1,29,Sales,9.31,true
300,Clinical Trials,"The Clinical Trials subcategory includes skills related to the design, execution, and analysis of research to determine the safety and effectiveness of medications and other medical equipment intended for human use.",1,30,Science and Research,9.31,true
324,Medical Science and Research,"The Medical Science and Research subcategory includes skills related to the scientific study of the human body, as well as research aimed at developing new ways to diagnose and treat medical disorders.",1,30,Science and Research,9.31,true
612,Bioinformatics,"The Bioinformatics subcategory includes skills and software tools related to collecting, storing, and analyzing complex biological data such as genetic codes.",1,30,Science and Research,9.31,true
613,Biology,"The Biology subcategory includes skills related to the scientific study of biology, including branches of biology such as botany and zoology.",1,30,Science and Research,9.31,true
615,Biotechnology,The Biotechnology subcategory includes skills related to using biological processes to develop and manufacture products.,1,30,Science and Research,9.31,true
617,Chemistry,The Chemistry subcategory includes skills related to the scientific study and analysis of the physical properties and behavior of elements and compounds.,1,30,Science and Research,9.31,true
618,Pharmacology and Drug Discovery,"The Pharmacology and Drug Discovery subcategory includes skills related to the scientific study of the composition, properties, and actions of pharmaceutical drugs and the development of new pharmaceutical products.",1,30,Science and Research,9.31,true
619,Earth and Space Science,"The Earth and Space Science subcategory includes skills related to the scientific study of the physical constitution of the earth and its atmosphere, as well as studying the natural phenomena and physical bodies in outer space.",1,30,Science and Research,9.31,true
620,Genetics,"The Genetics subcategory includes skills related to the scientific study of genes, such as DNA sequencing and genomics.",1,30,Science and Research,9.31,true
621,Laboratory Research,The Laboratory Research subcategory includes skills and equipment related to performing research in a laboratory environment.,1,30,Science and Research,9.31,true
622,"Molecular, Cellular, and Microbiology","The Molecular, Cellular, and Microbiology subcategory includes skills related to the scientific study of microorganisms and biological phenomena at the molecular and cellular levels.",1,30,Science and Research,9.31,true
623,Neuroscience,The Neuroscience subcategory includes skills related to the scientific study of the structure and function of the nervous system and brain.,1,30,Science and Research,9.31,true
624,Physics,The Physics subcategory includes skills related to the scientific study of the nature and properties of matter and energy.,1,30,Science and Research,9.31,true
626,General Science and Research,"The General Science and Research subcategory includes skills related to the scientific method, techniques used in the research process to collect, assemble, and evaluate data, and general scientific knowledge.",1,30,Science and Research,9.31,true
627,Science Software,The Science Software subcategory includes software tools used for scientific purposes.,1,30,Science and Research,9.31,true
658,"Elements, Compounds, and Materials","The Elements, Compounds, and Materials subcategory includes naturally occurring and synthetic materials used in a variety of industrial, scientific, and research settings, such as elements, chemical compounds,  polymers, alloys, etc.",1,30,Science and Research,9.31,true
628,Counseling Services,The Counseling Services subcategory includes skills related to providing assistance or guidance to individuals or groups in order to solve personal or social conflicts or difficulties.,1,31,Social and Human Services,9.31,true
629,Government Assistance,"The Government Assistance subcategory includes skills related to government programs designed to give financial assistance to individuals or organizations in need, such as subsidized housing and veterans' benefits.",1,31,Social and Human Services,9.31,true
630,Religious Studies and Services,The Religious Studies and Services subcategory includes skills related to studying religion and serving the spiritual needs of individuals and communities.,1,31,Social and Human Services,9.31,true
631,Community and Social Work,"The Community and Social Work subcategory includes skills related to carrying out work aimed at improving the health, well-being, and quality of life of individuals and communities.",1,31,Social and Human Services,9.31,true
632,Air Transportation,The Air Transportation subcategory includes skills related to operating aircraft and the transportation of people and goods via air.,1,32,"Transportation, Supply Chain, and Logistics",9.31,true
633,General Shipping and Receiving,The General Shipping and Receiving subcategory includes skills related to shipping and receiving products and fulfilling customer orders.,1,32,"Transportation, Supply Chain, and Logistics",9.31,true
634,Ground Freight Transportation,The Ground Freight Transportation subcategory includes skills related to the transport of animals or goods from one location to another location via roads.,1,32,"Transportation, Supply Chain, and Logistics",9.31,true
635,Ground Passenger Transportation,The Ground Passenger Transportation Operation subcategory includes skills related to providing passenger transportation via roads.,1,32,"Transportation, Supply Chain, and Logistics",9.31,true
637,Inventory and Warehousing,"The Inventory and Warehousing subcategory includes skills and equipment related to storing, moving, and managing inventory in a warehouse.",1,32,"Transportation, Supply Chain, and Logistics",9.31,true
638,Logistics,"The Logistics subcategory includes skills related to organizing and coordinating a complex operation or project, especially the management of resources in the manufacturing and supply chain industries.",1,32,"Transportation, Supply Chain, and Logistics",9.31,true
639,Material Handling,"The Material Handling subcategory includes skills related to the short-distance transportation of materials and products throughout the manufacturing, warehousing, and distribution processes, such as forklift operation and freight handling.",1,32,"Transportation, Supply Chain, and Logistics",9.31,true
640,Procurement,The Procurement subcategory includes skills and software tools related to purchasing products and services needed by a business.,1,32,"Transportation, Supply Chain, and Logistics",9.31,true
641,Rail Transportation,The Rail Transportation subcategory includes skills related to operating rail vehicles and the transportation of people and goods via railways.,1,32,"Transportation, Supply Chain, and Logistics",9.31,true
642,Sea and Waterway Transportation,The Sea and Waterway Transportation subcategory includes skills related to the operation of watercraft and the transportation of people and goods via the sea and other waterways.,1,32,"Transportation, Supply Chain, and Logistics",9.31,true
643,Supplier Management,"The Supplier Management subcategory includes skills related to managing the relationship between a supplier and purchaser, such as supplier performance management and vendor contracts.",1,32,"Transportation, Supply Chain, and Logistics",9.31,true
644,Supply Chain Management,The Supply Chain Management subcategory includes skills and software tools related to managing the flow of products and services from supplier to consumer.,1,32,"Transportation, Supply Chain, and Logistics",9.31,true
645,Transportation Operations,The Transportation Operations subcategory includes skills related to transporting people and goods safely and efficiently from place to place.,1,32,"Transportation, Supply Chain, and Logistics",9.31,true
646,Transportation Security,"The Transportation Security subcategory includes skills related to providing security on transportation and at transportation hubs, including aviation security.",1,32,"Transportation, Supply Chain, and Logistics",9.31,true
